{
  "example_idx": 6,
  "input_preview": "A 12-year-old girl brought to the clinic by her mother has a 3-day history of fever and sore throat and hematuria since this morning. The patient\u2019s mother says she had a fever up to 39.5\u2103 (103.1\u2109) for...",
  "response_preview": "```\nmedcalc_rules('A 1 2-year-girl  3  days fever  sore throat  hematur   uria  since  1st day  Fever up 38. 5 \u2103 113. 1 \u2109  Sore throat  improving slightly  Mother says  had fever 3 d  Severe sore thro...",
  "target": "3",
  "retrieved_facts": [
    {
      "id": 1,
      "text": "The patient\u2019s mother says she had a fever up to 39",
      "token_start": 32,
      "token_end": 46,
      "token_indices": [
        32,
        33,
        34,
        35,
        36,
        37,
        38,
        39,
        40,
        41,
        42,
        43,
        44,
        45
      ],
      "length": 14,
      "frequency": 0.04492512479201331,
      "attention_score": 0.0009497978645452307
    },
    {
      "id": 14,
      "text": "Calculate Centor Score (Modified/McIsaac) for Strep Pharyngitis by summing the results of the following rules:\n    Age: 3-14 years = +1 point, 15-44 years = 0 points, \u226545 years = -1 point\n    Exudate or swelling on tonsils: No = 0 points, Yes = +1 point\n    Tender/swollen anterior cervical lymph nodes: No = 0 points, Yes = +1 point\n    Temperature >38\u00b0C (100",
      "token_start": 197,
      "token_end": 313,
      "token_indices": [
        197,
        198,
        199,
        200,
        201,
        202,
        203,
        204,
        205,
        206,
        207,
        208,
        209,
        210,
        211,
        212,
        213,
        214,
        215,
        216,
        217,
        218,
        219,
        220,
        221,
        222,
        223,
        224,
        225,
        226,
        227,
        228,
        229,
        230,
        231,
        232,
        233,
        234,
        235,
        236,
        237,
        238,
        239,
        240,
        241,
        242,
        243,
        244,
        245,
        246,
        247,
        248,
        249,
        250,
        251,
        252,
        253,
        254,
        255,
        256,
        257,
        258,
        259,
        260,
        261,
        262,
        263,
        264,
        265,
        266,
        267,
        268,
        269,
        270,
        271,
        272,
        273,
        274,
        275,
        276,
        277,
        278,
        279,
        280,
        281,
        282,
        283,
        284,
        285,
        286,
        287,
        288,
        289,
        290,
        291,
        292,
        293,
        294,
        295,
        296,
        297,
        298,
        299,
        300,
        301,
        302,
        303,
        304,
        305,
        306,
        307,
        308,
        309,
        310,
        311,
        312
      ],
      "length": 116,
      "frequency": 0.16195230171935662,
      "attention_score": 0.0007295018844495423
    },
    {
      "id": 4,
      "text": "The mother states that she noticed her daughter had red urine today",
      "token_start": 65,
      "token_end": 77,
      "token_indices": [
        65,
        66,
        67,
        68,
        69,
        70,
        71,
        72,
        73,
        74,
        75,
        76
      ],
      "length": 12,
      "frequency": 0.018302828618968387,
      "attention_score": 0.000637211748856506
    },
    {
      "id": 3,
      "text": "1\u2109) for the last 3 days and a severe sore throat, which has improved slightly",
      "token_start": 46,
      "token_end": 65,
      "token_indices": [
        46,
        47,
        48,
        49,
        50,
        51,
        52,
        53,
        54,
        55,
        56,
        57,
        58,
        59,
        60,
        61,
        62,
        63,
        64
      ],
      "length": 19,
      "frequency": 0.03438713255684969,
      "attention_score": 0.0006127568496715297
    },
    {
      "id": 10,
      "text": "Ophthalmologic examination reveals evidence of conjunctivitis bilaterally",
      "token_start": 152,
      "token_end": 166,
      "token_indices": [
        152,
        153,
        154,
        155,
        156,
        157,
        158,
        159,
        160,
        161,
        162,
        163,
        164,
        165
      ],
      "length": 14,
      "frequency": 0.02384914032168608,
      "attention_score": 0.0005844827914412324
    }
  ],
  "num_facts": 5,
  "optimization_info": {
    "sequence_length": 1024,
    "max_tokens_used": 1024,
    "prompt_compacted": true,
    "layers_extracted": 7,
    "memory_strategy": "layer_selective_extraction"
  }
}